# G2,Na,Diversity
../teste1/32x32/bessel_32.txt,0.433069705963,0.2197265625,0.0290515851229
../teste1/32x32/gaussian_32.txt,0.0,0.0,0.0
../teste1/32x32/noise_32.txt,0.689627766609,0.3525390625,0.043825943023
../teste1/32x32/noise+bessel_32.txt,0.56769567728,0.2861328125,0.0159714501351
../teste1/32x32/noise+bessel+gaussian_32.txt,0.444088608027,0.232421875,0.0892994254827
../teste1/32x32/shuffle_32.txt,0.492459326982,0.25,0.0301626361907
