# G2,Na,Diversity
test/m2.txt,0.160648688674,0.09,0.215014591813
test/m3.txt,0.121129341424,0.0675,0.205491200089
test/m4.txt,0.498680531979,0.265,0.11818665266
