# Ga,Nc,Nv
test/m2.txt,1.70833337307,130,48
test/m3.txt,1.60526311398,99,38
test/m4.txt,1.93684208393,558,190
